id,jumlah_penumpang
1,29307709.034911063
2,28635492.467184287
3,30241372.527334023
4,29111385.007796198
5,30376561.644712526
6,30175938.28130395
