id,jumlah_penumpang
1,29307709.02544564
2,28635492.45617792
3,30241372.524757303
4,29111384.995244436
5,30376561.651326623
6,30175938.284942165
